sku,category,name_en,price_egp,in_stock
TM-IWORLD-PRO,receivers,TM I World Pro Receiver — Black,2300.00,yes
TM-IVISION-GOLD,receivers,TM i-visionPro Receiver — Gold,1250.00,yes
TM-G200,receivers,TM G200 Satellite Receiver,1250.00,yes
TM-V55-ULTRA,receivers,TM V55 Ultra Receiver,500.00,yes
TM-1010,receivers,TM 1010 Receiver,550.00,yes
TM-SKG25,receivers,TM-SKG 25 Receiver,500.00,yes
TM-7K,receivers,TM 7K Receiver,550.00,yes
TM-4K,receivers,TM 4K Receiver,550.00,yes
TM-AN38,receivers,TM AN 38 Receiver,500.00,yes
TM-3201K,tv,"32"" HD LED TV",5200.00,yes
TM-4301SK,tv,"43"" FHD LED TV",10000.00,yes
TM-4301K,tv,"43"" FHD Smart LED TV",11000.00,yes
TM-5001SK,tv,"50"" UHD Smart TV",16000.00,yes
TM-G2501,kitchen,Gas Stove — Shining Stainless Steel,800.00,yes
TM-G2502,kitchen,Gas Stove — Matt Stainless Steel,800.00,yes
TM-G2503,kitchen,Gas Stove — Marble Surface,800.00,yes
TM-k2501,kitchen,Electric Glass Kettle — Black,800.00,yes
TM-k2502,kitchen,Electric Glass Kettle — Blue,800.00,yes
TM-k2503,kitchen,Electric Glass Kettle — Pink,800.00,yes
TM-9908CC,distribution,9/8 Cascade Multiswitch,3000.00,yes
TM-9916CC,distribution,9/16 Cascade Multiswitch,4000.00,yes
TM-9924CC,distribution,9/24 Cascade Multiswitch,5000.00,yes
TM-9932CC,distribution,9/32 Cascade Multiswitch,6000.00,yes
TM-121,accessories,Universal KU-Band LNB — 1 Port,60.00,yes
TM-221,accessories,Universal KU-Band LNB — 2 Ports,120.00,yes
TM-421,accessories,Universal KU-Band LNB — 4 Ports,220.00,yes
TM-821,accessories,Universal KU-Band LNB — 8 Ports,850.00,yes
TR-801-4,accessories,TR-801 DiSEqC Switch — 4 Ports,220.00,yes
TR-801-8,accessories,TR-801 DiSEqC Switch — 8 Ports,220.00,yes
3700GC,accessories,HD Satellite Finder 3700 GC,4500.00,yes
MOUNT-P4,accessories,P4 Movable TV Wall Mount,450.00,yes
MOUNT-P6,accessories,P6 Movable TV Wall Mount,900.00,yes
MOUNT-P65,accessories,P65 Movable TV Wall Mount,1500.00,yes
MOUNT-502-PLUS,accessories,Bracket 502 Plus Moving Wall Mount,650.00,yes
MOUNT-TM-K40,accessories,TM-K40 Moving TV Wall Mount,250.00,yes
MOUNT-YT-1442,accessories,YT-1442 Fixed TV Wall Mount,100.00,yes
MOUNT-YT-2663,accessories,YT-2663 Fixed TV Wall Mount,125.00,yes
MOUNT-BR-12-47,accessories,TM Bracket 12–47 Fixed Wall Mount,110.00,yes
MOUNT-BR-32-73,accessories,TM Bracket 32–73 Fixed Wall Mount,275.00,yes
MOUNT-AN32T,accessories,TM-AN32T Fixed TV Bracket,100.00,yes
MOUNT-AN55T,accessories,TM-AN55T Fixed TV Bracket,250.00,yes
COAX-RG6-30,cables,RG6 Coaxial Cable — 30 Yard,80.00,yes
COAX-RG6-250,cables,RG6 Coaxial Cable — 250 Yard,1200.00,yes
CAT6-LAN,cables,Cat-6 Network Cable,380.00,yes
HDMI-4K-1.5M,cables,4K HDMI Cable — 1.5 m,90.00,yes
HDMI-4K-3M,cables,4K HDMI Cable — 3 m,120.00,yes
HDMI-4K-5M,cables,4K HDMI Cable — 5 m,165.00,yes
HDMI-4K-10M,cables,4K HDMI Cable — 10 m,300.00,yes
HDMI-4K-20M,cables,4K HDMI Cable — 20 m,600.00,yes
